species,param,truth,median,q025,q975
Humpback whale,sigma (km),2,2.08304725,1.8859832075000003,2.336013485
Humpback whale,mu_s (mean group size),2,1.58215575,1.4104221000000001,1.757095225
Humpback whale,lambda_s (groups/km^2),0.004268313109604428,0.004229213900000001,0.0036132563350000004,0.0049390959049999995
Humpback whale,D (animals/km^2),0.008536626219208856,0.006691408836042985,0.005514077148216622,0.008092975445741382
Pacific white-sided dolphin,sigma (km),2,2.4890903499999997,2.0316907100000003,3.3647563575
Pacific white-sided dolphin,mu_s (mean group size),50,50.027872,48.16701435,51.895022
Pacific white-sided dolphin,lambda_s (groups/km^2),0.0014554599434819869,0.00103718895,7.712428119999999e-4,0.0013712475574999999
Pacific white-sided dolphin,D (animals/km^2),0.07277299717409931,0.05192906823163005,0.03846934208776215,0.06845586154833003
